,esn,event_date,ecne_sample,tk_egthdm_delta_next_adj_sample,tk_egthdm_adj_summation_prev_sample,event_type_sample,rdf_sedi_ecsv_sample,country_sample,tk_egthdm_delta_rate_prev_sample,current_shop_visit_count_sample,engine_family_sample,tk_egthdm_det_rate_init_sample,esn_run_no_sample,customer_sample,operator_name_sample,engine_model_sample,tk_egthdm_delta_prev_adj_sample,shift_cause_flag_sample,tk_egthdm_adj_summation_next_2_sample,zone_sample,tk_egthdm_adj_summation_next_sample,rdf_sedi_ecsn_sample,event_date_prev_sample,tk_egthdm_aft_delta_rate_init_adj_sample,tk_egthdm_det_rate_next_sample,aircraft_id_sample,tk_egthdm_delta_rate_next_adj_sample,install_date_sample,shift_cause_sample,region_sample,tk_egthdm_delta_rate_next_sample,source_type_sample,event_date_next_sample,tk_egthdm_ret_sample,tk_egthdm_next_sample,tk_egthdm_bfr_sample,org_key_column_sample,flight_dttm_next_sample,flight_dttm_sample,engine_position_sample,tk_egthdm_delta_init_adj_sample,tk_egthdm_delta_next_sample,tk_egthdm_adj_summation_sample,tk_egthdm_init_sample,tk_egthdm_aft_sample,ecsw_sample,fleet_sample,tk_egthdm_aft_delta_rate_prev_adj_sample,tk_egthdm_det_rate_prev_sample,engine_type_sample,tk_egthdm_delta_init_sample,tk_egthdm_aft_delta_init_adj_sample,tk_egthdm_rec_sample,tk_egthdm_delta_prev_sample,tk_egthdm_aft_delta_init_sample,tk_egthdm_rec_ratio_init_sample,tk_egthdm_delta_rate_init_sample,category_count_sample,tk_egthdm_prev_sample,quality_check_all_sample,shop_visit_sample,tk_egthdm_rec_ratio_prev_sample,ecne_aurora,tk_egthdm_delta_next_adj_aurora,tk_egthdm_adj_summation_prev_aurora,event_type_aurora,rdf_sedi_ecsv_aurora,country_aurora,tk_egthdm_delta_rate_prev_aurora,current_shop_visit_count_aurora,engine_family_aurora,tk_egthdm_det_rate_init_aurora,esn_run_no_aurora,customer_aurora,operator_name_aurora,engine_model_aurora,tk_egthdm_delta_prev_adj_aurora,shift_cause_flag_aurora,tk_egthdm_adj_summation_next_2_aurora,zone_aurora,tk_egthdm_adj_summation_next_aurora,rdf_sedi_ecsn_aurora,event_date_prev_aurora,tk_egthdm_aft_delta_rate_init_adj_aurora,tk_egthdm_det_rate_next_aurora,aircraft_id_aurora,tk_egthdm_delta_rate_next_adj_aurora,install_date_aurora,shift_cause_aurora,region_aurora,tk_egthdm_delta_rate_next_aurora,source_type_aurora,event_date_next_aurora,tk_egthdm_ret_aurora,tk_egthdm_next_aurora,tk_egthdm_bfr_aurora,org_key_column_aurora,flight_dttm_next_aurora,flight_dttm_aurora,engine_position_aurora,tk_egthdm_delta_init_adj_aurora,tk_egthdm_delta_next_aurora,tk_egthdm_adj_summation_aurora,tk_egthdm_init_aurora,tk_egthdm_aft_aurora,ecsw_aurora,fleet_aurora,tk_egthdm_aft_delta_rate_prev_adj_aurora,tk_egthdm_det_rate_prev_aurora,engine_type_aurora,tk_egthdm_delta_init_aurora,tk_egthdm_aft_delta_init_adj_aurora,tk_egthdm_rec_aurora,tk_egthdm_delta_prev_aurora,tk_egthdm_aft_delta_init_aurora,tk_egthdm_rec_ratio_init_aurora,tk_egthdm_delta_rate_init_aurora,category_count_aurora,tk_egthdm_prev_aurora,quality_check_all_aurora,shop_visit_aurora,tk_egthdm_rec_ratio_prev_aurora,tk_egthdm_bfr_comparison,tk_egthdm_bfr_difference,tk_egthdm_aft_comparison,tk_egthdm_aft_difference
0,804705,2011-01-19,,28.67715073,,INSTALL,,INDONESIA,,0,CFM56,,1,LNI,LION MENTARI AIRLINES,CFM56-7B,,,0,INC,0,,,,-40.41446,,,2011-01-19,,CSO - ASIA,,ENG_UTIL,2011-09-08,,71.97885,,,2019-12-31,,,,28.67715,0,43.3017,43.3017,,,,,,,0,,,0,,,,,Invalid,TRUE,,,28.67715073,,INSTALL,,INDONESIA,,0,CFM56,,1,LNI,LION MENTARI AIRLINES,CFM56-7B,,,0,INC,0,,,,-40.41446,,,2011-01-19,,CSO - ASIA,,ENG_UTIL,2011-09-08,,71.97885,,,2020-07-02,,,,28.67715,0,43.3017,43.3017,,,,,,,0,,,0,,,,,Invalid,TRUE,,Not Matched,,Matched,0.0
1,804705,2011-09-08,606,4.586250305,0,WW,915.2024,INDONESIA,,0,CFM56,-40.41446,1,LNI,LION MENTARI AIRLINES,CFM56-7B,28.67715073,0,0,INC,0,915,2011-01-19,31.33421714,-11.995697,LHQ,7.568069811,2011-01-19,WW,CSO - ASIA,7.56807,FDM,2011-12-08,1154.147427,62.7203,71.97885,846407,2019-12-31,2011-09-08,1,28.67715073,4.5862503,0,43.3017,58.13405,,LNI,,-40.41446,CFM56-7B26/3,28.67715,14.83234787,13.844803,28.67715,14.832348,0.48278,31.33422,WW1,43.3017,Invalid,FALSE,0.48278,606,4.586250305,0,WW,915.2024,INDONESIA,,0,CFM56,-40.41446,1,LNI,LION MENTARI AIRLINES,CFM56-7B,28.67715073,0,0,INC,0,915,2011-01-19,31.33421714,-11.995697,LHQ,7.568069811,2011-01-19,WW,CSO - ASIA,7.56807,FDM,2011-12-08,1154.147427,62.7203,71.97885,846407,2020-07-02,2011-09-08,1,28.67715073,4.5862503,0,43.3017,58.13405,,LNI,,-40.41446,CFM56-7B26/3,28.67715,14.83234787,13.844803,28.67715,14.832348,0.48278,31.33422,WW1,43.3017,Invalid,FALSE,0.48278,Matched,0.0,Matched,0.0
2,804705,2011-12-08,574,4.776096344,0,WW,1521.5656,INDONESIA,7.56807,0,CFM56,-8.984422,1,LNI,LION MENTARI AIRLINES,CFM56-7B,4.586250305,0,0,INC,0,1521,2011-09-08,12.76224842,-21.265863,LHQ,8.320725338,2011-01-19,WW,CSO - ASIA,8.32073,FDM,2012-03-04,144.7859654,64.4174,62.7203,846411,2019-12-31,2011-12-08,1,19.41859818,4.7760963,0,43.3017,59.6413,606,LNI,7.568069811,-11.995697,CFM56-7B26/3,19.418598,16.33959961,3.0789986,4.5862503,16.3396,0.15856,12.76225,WW2,58.13405,Invalid,FALSE,0.67135,574,4.776096344,0,WW,1521.5656,INDONESIA,7.56807,0,CFM56,-8.984422,1,LNI,LION MENTARI AIRLINES,CFM56-7B,4.586250305,0,0,INC,0,1521,2011-09-08,12.76224842,-21.265863,LHQ,8.320725338,2011-01-19,WW,CSO - ASIA,8.32073,FDM,2012-03-04,144.7859654,64.4174,62.7203,846411,2020-07-02,2011-12-08,1,19.41859818,4.7760963,0,43.3017,59.6413,606,LNI,7.568069811,-11.995697,CFM56-7B26/3,19.418598,16.33959961,3.0789986,4.5862503,16.3396,0.15856,12.76225,WW2,58.13405,Invalid,FALSE,0.67135,Matched,0.0,Matched,0.0
3,804705,2012-03-04,598,11.6407547,0,WW,2095.952,INDONESIA,8.32073,0,CFM56,-2.1283634,1,LNI,LION MENTARI AIRLINES,CFM56-7B,4.776096344,0,0,INC,0,2095,2011-12-08,10.07451313,-14.07993,LHQ,19.46614498,2011-01-19,WW,CSO - ASIA,19.46614,FDM,2012-06-04,852.5608822,64.05415,64.4174,846415,2019-12-31,2012-03-04,1,21.11569595,11.640755,0,43.3017,52.4134,574,LNI,8.320725338,-21.265863,CFM56-7B26/3,21.115696,9.111698151,12.003998,4.7760963,9.111698,0.56849,10.07451,WW3,59.6413,Invalid,FALSE,2.51335,598,11.6407547,0,WW,2095.952,INDONESIA,8.32073,0,CFM56,-2.1283634,1,LNI,LION MENTARI AIRLINES,CFM56-7B,4.776096344,0,0,INC,0,2095,2011-12-08,10.07451313,-14.07993,LHQ,19.46614498,2011-01-19,WW,CSO - ASIA,19.46614,FDM,2012-06-04,852.5608822,64.05415,64.4174,846415,2020-07-02,2012-03-04,1,21.11569595,11.640755,0,43.3017,52.4134,574,LNI,8.320725338,-21.265863,CFM56-7B26/3,21.115696,9.111698151,12.003998,4.7760963,9.111698,0.56849,10.07451,WW3,59.6413,Invalid,FALSE,2.51335,Matched,0.0,Matched,0.0
4,804705,2012-06-04,515,15.58420181,0,WW,2693.7195,INDONESIA,19.46614,0,CFM56,-0.008766606,1,LNI,LION MENTARI AIRLINES,CFM56-7B,11.6407547,0,0,INC,0,2693,2012-03-04,7.704014041,-35.3774,LHQ,30.26058604,2011-01-19,WW,CSO - ASIA,30.26059,FDM,2012-08-26,503.3101778,61.83255,64.05415,846419,2019-12-31,2012-06-04,1,20.75245285,15.584202,0,43.3017,46.24835,598,LNI,19.46614498,-14.07993,CFM56-7B26/3,20.752453,2.946647644,17.805805,11.640755,2.9466476,0.85801,7.70401,WW4,52.4134,Invalid,FALSE,1.52961,515,15.58420181,0,WW,2693.7195,INDONESIA,19.46614,0,CFM56,-0.008766606,1,LNI,LION MENTARI AIRLINES,CFM56-7B,11.6407547,0,0,INC,0,2693,2012-03-04,7.704014041,-35.3774,LHQ,30.26058604,2011-01-19,WW,CSO - ASIA,30.26059,FDM,2012-08-26,503.3101778,61.83255,64.05415,846419,2020-07-02,2012-06-04,1,20.75245285,15.584202,0,43.3017,46.24835,598,LNI,19.46614498,-14.07993,CFM56-7B26/3,20.752453,2.946647644,17.805805,11.640755,2.9466476,0.85801,7.70401,WW4,52.4134,Invalid,FALSE,1.52961,Matched,0.0,Matched,0.0
5,804705,2012-08-26,837,7.996009827,0,WW,3208.8192,INDONESIA,30.26059,0,CFM56,-1.7345841,1,LNI,LION MENTARI AIRLINES,CFM56-7B,15.58420181,0,0,INC,0,3208,2012-06-04,5.774974625,-22.311756,LHQ,9.55317781,2011-01-19,WW,CSO - ASIA,9.55318,FDM,2012-12-31,509.2722674,58.4658,61.83255,846423,2019-12-31,2012-08-26,1,18.53084946,7.99601,0,43.3017,50.46979,515,LNI,30.26058604,-35.3774,CFM56-7B26/3,18.53085,7.16809082,11.362759,15.584202,7.168091,0.61318,5.77497,WW5,46.24835,Invalid,FALSE,0.72912,837,7.996009827,0,WW,3208.8192,INDONESIA,30.26059,0,CFM56,-1.7345841,1,LNI,LION MENTARI AIRLINES,CFM56-7B,15.58420181,0,0,INC,0,3208,2012-06-04,5.774974625,-22.311756,LHQ,9.55317781,2011-01-19,WW,CSO - ASIA,9.55318,FDM,2012-12-31,509.2722674,58.4658,61.83255,846423,2020-07-02,2012-08-26,1,18.53084946,7.99601,0,43.3017,50.46979,515,LNI,30.26058604,-35.3774,CFM56-7B26/3,18.53085,7.16809082,11.362759,15.584202,7.168091,0.61318,5.77497,WW5,46.24835,Invalid,FALSE,0.72912,Matched,0.0,Matched,0.0
6,804705,2012-12-31,124,-2.529518127,0,WW,4045.6574,INDONESIA,9.55318,0,CFM56,-3.3924024,1,LNI,LION MENTARI AIRLINES,CFM56-7B,7.996009827,0,0,INC,0,4045,2012-08-26,3.748241422,12.05612,LHQ,-20.39933974,2011-01-19,WW,CSO - ASIA,-20.39934,FDM,2013-01-19,254.0437809,58.999065,58.4658,846427,2019-12-31,2012-12-31,1,15.16410065,-2.5295181,0,43.3017,61.528584,837,LNI,9.55317781,-22.311756,CFM56-7B26/3,15.164101,18.22688293,-3.0627823,7.99601,18.226883,-0.20198,3.74824,WW6,50.46979,Invalid,FALSE,-0.38304,124,-2.529518127,0,WW,4045.6574,INDONESIA,9.55318,0,CFM56,-3.3924024,1,LNI,LION MENTARI AIRLINES,CFM56-7B,7.996009827,0,0,INC,0,4045,2012-08-26,3.748241422,12.05612,LHQ,-20.39933974,2011-01-19,WW,CSO - ASIA,-20.39934,FDM,2013-01-19,254.0437809,58.999065,58.4658,846427,2020-07-02,2012-12-31,1,15.16410065,-2.5295181,0,43.3017,61.528584,837,LNI,9.55317781,-22.311756,CFM56-7B26/3,15.164101,18.22688293,-3.0627823,7.99601,18.226883,-0.20198,3.74824,WW6,50.46979,Invalid,FALSE,-0.38304,Matched,0.0,Matched,0.0
7,804705,2013-01-19,683,8.367534637,0,WW,4169.5639,INDONESIA,-20.39934,0,CFM56,-2.9465976,1,LNI,LION MENTARI AIRLINES,CFM56-7B,-2.529518127,0,0,INC,0,4169,2012-12-31,3.764749788,-7.9386516,LHQ,12.25114881,2011-01-19,WW,CSO - ASIA,12.25115,FDM,2013-05-21,1156.21394,58.18782,58.999065,944215,2019-12-31,2013-01-19,1,15.69736481,8.367535,0,43.3017,49.820286,124,LNI,-20.39933974,12.05612,CFM56-7B26/3,15.697365,6.518585205,9.17878,-2.5295181,6.518585,0.58473,3.76475,WW7,61.528584,Invalid,FALSE,-3.62867,683,8.367534637,0,WW,4169.5639,INDONESIA,-20.39934,0,CFM56,-2.9465976,1,LNI,LION MENTARI AIRLINES,CFM56-7B,-2.529518127,0,0,INC,0,4169,2012-12-31,3.764749788,-7.9386516,LHQ,12.25114881,2011-01-19,WW,CSO - ASIA,12.25115,FDM,2013-05-21,1156.21394,58.18782,58.999065,944215,2020-07-02,2013-01-19,1,15.69736481,8.367535,0,43.3017,49.820286,124,LNI,-20.39933974,12.05612,CFM56-7B26/3,15.697365,6.518585205,9.17878,-2.5295181,6.518585,0.58473,3.76475,WW7,61.528584,Invalid,FALSE,-3.62867,Matched,0.0,Matched,0.0
8,804705,2013-05-21,443,5.425346375,0,WW,4852.8072,INDONESIA,12.25115,0,CFM56,-2.9382877,1,LNI,LION MENTARI AIRLINES,CFM56-7B,8.367534637,0,0,INC,0,4852,2013-01-19,3.067527563,-20.609629,LHQ,12.24683155,2011-01-19,WW,CSO - ASIA,12.24683,FDM,2013-07-31,301.255828,57.404396,58.18782,846431,2019-12-31,2013-05-21,1,14.88611984,5.4253464,0,43.3017,51.97905,683,LNI,12.25114881,-7.9386516,CFM56-7B26/3,14.88612,8.677349091,6.2087708,8.367535,8.677349,0.41708,3.06753,WW8,49.820286,Invalid,FALSE,0.74201,443,5.425346375,0,WW,4852.8072,INDONESIA,12.25115,0,CFM56,-2.9382877,1,LNI,LION MENTARI AIRLINES,CFM56-7B,8.367534637,0,0,INC,0,4852,2013-01-19,3.067527563,-20.609629,LHQ,12.24683155,2011-01-19,WW,CSO - ASIA,12.24683,FDM,2013-07-31,301.255828,57.404396,58.18782,846431,2020-07-02,2013-05-21,1,14.88611984,5.4253464,0,43.3017,51.97905,683,LNI,12.25114881,-7.9386516,CFM56-7B26/3,14.88612,8.677349091,6.2087708,8.367535,8.677349,0.41708,3.06753,WW8,49.820286,Invalid,FALSE,0.74201,Matched,0.0,Matched,0.0
9,804705,2013-07-31,97,8.129802704,0,WW,5295.0444,INDONESIA,12.24683,0,CFM56,-2.4160578,1,LNI,LION MENTARI AIRLINES,CFM56-7B,5.425346375,0,0,INC,0,5295,2013-05-21,2.663376244,,LHQ,83.81239901,2011-01-19,WW,CSO - ASIA,83.8124,RDO,2013-08-14,,51.14255,57.404396,197181,2019-12-31,2013-07-31,1,14.10269547,8.129803,0,43.3017,43.01275,443,LNI,12.24683155,-20.609629,CFM56-7B26/3,14.102695,-0.288951874,14.391647,5.4253464,-0.28895187,1.02049,2.66338,WW9,51.97905,Invalid,FALSE,2.65267,97,8.129802704,0,WW,5295.0444,INDONESIA,12.24683,0,CFM56,-2.4160578,1,LNI,LION MENTARI AIRLINES,CFM56-7B,5.425346375,0,0,INC,0,5295,2013-05-21,2.663376244,,LHQ,83.81239901,2011-01-19,WW,CSO - ASIA,83.8124,RDO,2013-08-14,,51.14255,57.404396,197181,2020-07-02,2013-07-31,1,14.10269547,8.129803,0,43.3017,43.01275,443,LNI,12.24683155,-20.609629,CFM56-7B26/3,14.102695,-0.288951874,14.391647,5.4253464,-0.28895187,1.02049,2.66338,WW9,51.97905,Invalid,FALSE,2.65267,Matched,0.0,Matched,0.0
10,804705,2013-08-14,517,19.73452759,0,WW,5392.4127,INDONESIA,83.8124,0,CFM56,-2.4951017,1,LNI,LION MENTARI AIRLINES,CFM56-7B,8.129802704,0,0,INC,0,5392,2013-07-31,1.454052437,-50.941074,LHQ,38.17123325,2011-01-19,WW,CSO - ASIA,38.17123,FDM,2013-11-09,307.466577,55.2144,51.14255,846435,2019-12-31,2013-08-14,1,7.84085083,19.734528,0,43.3017,35.479874,97,LNI,83.81239901,,CFM56-7B26/3,7.840851,-7.821826935,15.662678,8.129803,-7.821827,1.99757,1.45405,WW10,43.01275,Invalid,FALSE,1.92658,517,19.73452759,0,WW,5392.4127,INDONESIA,83.8124,0,CFM56,-2.4951017,1,LNI,LION MENTARI AIRLINES,CFM56-7B,8.129802704,0,0,INC,0,5392,2013-07-31,1.454052437,-50.941074,LHQ,38.17123325,2011-01-19,WW,CSO - ASIA,38.17123,FDM,2013-11-09,307.466577,55.2144,51.14255,846435,2020-07-02,2013-08-14,1,7.84085083,19.734528,0,43.3017,35.479874,97,LNI,83.81239901,,CFM56-7B26/3,7.840851,-7.821826935,15.662678,8.129803,-7.821827,1.99757,1.45405,WW10,43.01275,Invalid,FALSE,1.92658,Matched,0.0,Matched,0.0
11,804705,2013-11-09,268,-17.81256866,0,WW,5909.3022,INDONESIA,38.17123,0,CFM56,-2.8392918,1,LNI,LION MENTARI AIRLINES,CFM56-7B,19.73452759,0,0,INC,0,5909,2013-08-14,2.015923412,84.51704,LHQ,-66.46480845,2011-01-19,WW,CSO - ASIA,-66.46481,FDM,2014-01-18,-24.25058114,35.352245,55.2144,944217,2019-12-31,2013-11-09,1,11.91270065,-17.812569,0,43.3017,53.164814,517,LNI,38.17123325,-50.941074,CFM56-7B26/3,11.912701,9.863113403,2.0495872,19.734528,9.863113,0.17205,2.01592,WW11,35.479874,Invalid,FALSE,0.10386,354,-17.43727112,0,WW,5909.3022,INDONESIA,38.17123,0,CFM56,-2.8392918,1,LNI,LION MENTARI AIRLINES,CFM56-7B,19.73452759,0,0,INC,0,5909,2013-08-14,2.015923412,52.878567,LHQ,-49.25782802,2011-01-19,WW,CSO - ASIA,-49.25783,FDM,2014-01-18,-45.85761199,35.352245,55.2144,944217,2020-07-02,2013-11-09,1,11.91270065,-17.437271,0,43.3017,52.789516,517,LNI,38.17123325,-50.941074,CFM56-7B26/3,11.912701,9.487815857,2.4248848,19.734528,9.487816,0.20355,2.01592,WW11,35.479874,Invalid,FALSE,0.12288,Matched,0.0,Not Matched,0.7109328299202455
12,804705,2014-01-18,0,,0,WW,6177.6189,INDONESIA,-66.46481,0,CFM56,-2.825787,1,LNI,LION MENTARI AIRLINES,CFM56-7B,-17.81256866,0,0,INC,0,6177,2013-11-09,-1.28681542,,LHQ,,2011-01-19,WW,CSO - ASIA,,FDM,2014-06-14,,,35.352245,944219,2019-12-31,2013-12-31,1,-7.949455261,,0,43.3017,,268,LNI,-66.46480845,84.51704,CFM56-7B26/3,-7.9494553,,,-17.812569,,,-1.28682,WW12,53.164814,Invalid,FALSE,,772,8.136631012,0,WW,6263.5653,INDONESIA,-49.25783,0,CFM56,-2.7081883,1,LNI,LION MENTARI AIRLINES,CFM56-7B,-17.43727112,0,0,INC,0,6263,2013-11-09,-1.2691582,-10.939847,LHQ,10.53967748,2011-01-19,WW,CSO - ASIA,10.53968,FDM,2014-06-14,-529.355927,49.27995,35.352245,944219,2020-07-02,2014-01-17,1,-7.949455261,8.136631,0,43.3017,41.14332,354,LNI,-49.25782802,52.878567,CFM56-7B26/3,-7.9494553,-2.158382416,-5.791073,-17.437271,-2.1583824,0.72849,-1.26916,WW12,52.789516,Invalid,FALSE,0.33211,Matched,0.0,Not Matched,41.14332
13,804705,2014-06-14,0,,0,WW,6177.6189,INDONESIA,,0,CFM56,-2.825787,1,LNI,LION MENTARI AIRLINES,CFM56-7B,,,0,INC,0,6177,2014-01-18,,,LHQ,,2011-01-19,,CSO - ASIA,,FDM,2014-10-31,,,,944221,2019-12-31,2013-12-31,1,,,0,43.3017,,0,LNI,,,CFM56-7B26/3,,,,,,,,WW13,,Invalid,FALSE,,625,17.77793121,0,WW,7035.9647,INDONESIA,10.53968,0,CFM56,-2.6626961,1,LNI,LION MENTARI AIRLINES,CFM56-7B,8.136631012,0,0,INC,0,7035,2014-01-18,0.849670067,-41.13631,LHQ,28.44468994,2011-01-19,WW,CSO - ASIA,28.44469,FDM,2014-10-31,457.8554527,48.223396,49.27995,944221,2020-07-02,2014-06-14,1,5.978248596,17.777931,0,43.3017,30.445465,772,LNI,10.53967748,-10.939847,CFM56-7B26/3,5.9782486,-12.8562355,18.834484,8.136631,-12.8562355,3.1505,0.84967,WW13,41.14332,Invalid,FALSE,2.31478,Not Matched,49.27995,Not Matched,30.445465
14,804705,2014-10-31,0,,0,WW,6177.6189,INDONESIA,,0,CFM56,-2.825787,1,LNI,LION MENTARI AIRLINES,CFM56-7B,,,0,INC,0,6177,2014-06-14,,,LHQ,,2011-01-19,,CSO - ASIA,,FDM,2015-02-05,,,,944223,2019-12-31,2013-12-31,1,,,0,43.3017,,0,LNI,,,CFM56-7B26/3,,,,,,,,WW14,,Invalid,FALSE,,366,8.136398315,0,WW,7660.2907,INDONESIA,28.44469,0,CFM56,-3.0521545,1,LNI,LION MENTARI AIRLINES,CFM56-7B,17.77793121,0,0,INC,0,7660,2014-06-14,0.642494639,-19.819849,LHQ,22.23059649,2011-01-19,WW,CSO - ASIA,22.2306,FDM,2015-02-05,430.8754556,47.81991,48.223396,944223,2020-07-02,2014-10-31,1,4.921695709,8.136398,0,43.3017,39.68351,625,LNI,28.44468994,-41.13631,CFM56-7B26/3,4.9216957,-3.618190765,8.539886,17.777931,-3.6181908,1.73515,0.64249,WW14,30.445465,Invalid,FALSE,0.48036,Not Matched,48.223396,Not Matched,39.68351
15,804705,2015-02-05,0,,0,WW,6177.6189,INDONESIA,,0,CFM56,-2.825787,1,LNI,LION MENTARI AIRLINES,CFM56-7B,,,0,INC,0,6177,2014-10-31,,,LHQ,,2011-01-19,,CSO - ASIA,,FDM,2015-02-17,,,,944225,2019-12-31,2013-12-31,1,,,0,43.3017,,0,LNI,,,CFM56-7B26/3,,,,,,,,WW15,,Invalid,FALSE,,0,,0,WW,8026.1609,INDONESIA,22.2306,0,CFM56,-2.81927,1,LNI,LION MENTARI AIRLINES,CFM56-7B,8.136398315,0,0,INC,0,8026,2014-10-31,0.562935083,,LHQ,,2011-01-19,WW,CSO - ASIA,,FDM,2015-02-17,,,47.81991,944225,2020-07-02,2015-02-05,1,4.51820755,,0,43.3017,,366,LNI,22.23059649,-19.819849,CFM56-7B26/3,4.5182076,,,8.136398,,,0.56294,WW15,39.68351,Invalid,FALSE,,Not Matched,47.81991,Not Matched,
16,804705,2015-02-17,0,,0,WW,6177.6189,INDONESIA,,0,CFM56,-2.825787,1,LNI,LION MENTARI AIRLINES,CFM56-7B,,,0,INC,0,6177,2015-02-05,,,LHQ,,2011-01-19,,CSO - ASIA,,RDO,2015-06-25,,,,197182,2019-12-31,2013-12-31,1,,,0,43.3017,,0,LNI,,,CFM56-7B26/3,,,,,,,,WW16,,Invalid,FALSE,,707,10.31896973,0,WW,8026.2424,INDONESIA,,0,CFM56,-2.8181443,1,LNI,LION MENTARI AIRLINES,CFM56-7B,,,0,INC,0,8026,2015-02-05,,-26.921827,LHQ,14.59543101,2011-01-19,,CSO - ASIA,14.59543,RDO,2015-06-25,,43.103973,,197182,2020-07-02,2015-02-06,1,,10.31897,0,43.3017,32.785004,0,LNI,,,CFM56-7B26/3,,-10.51669693,,,-10.516697,,,WW16,,Invalid,FALSE,,Not Matched,,Not Matched,32.785004
17,804705,2015-06-25,0,,0,WW,6177.6189,INDONESIA,,0,CFM56,-2.825787,1,LNI,LION MENTARI AIRLINES,CFM56-7B,,,0,INC,0,6177,2015-02-17,,,LHQ,,2011-01-19,,CSO - ASIA,,FDM,2015-10-23,,,,990661,2019-12-31,2013-12-31,1,,,0,43.3017,,0,LNI,,,CFM56-7B26/3,,,,,,,,WW17,,Invalid,FALSE,,646,2.307811737,0,WW,8733.797,INDONESIA,14.59543,0,CFM56,-2.6679294,1,LNI,LION MENTARI AIRLINES,CFM56-7B,10.31896973,0,0,INC,0,8733,2015-02-17,-0.022639318,-10.718772,LHQ,3.572463989,2011-01-19,WW,CSO - ASIA,3.57246,FDM,2015-10-23,-99.64369243,46.479843,43.103973,990661,2020-07-02,2015-06-25,1,-0.197727203,2.3078117,0,43.3017,44.17203,707,LNI,14.59543101,-26.921827,CFM56-7B26/3,-0.1977272,0.870330811,-1.068058,10.31897,0.8703308,5.40167,-0.02264,WW17,32.785004,Invalid,FALSE,-0.1035,Not Matched,43.103973,Not Matched,44.17203
18,804705,2015-10-23,0,,0,WW,6177.6189,INDONESIA,,0,CFM56,-2.825787,1,LNI,LION MENTARI AIRLINES,CFM56-7B,,,0,INC,0,6177,2015-06-25,,,LHQ,,2011-01-19,,CSO - ASIA,,RDO,2015-12-14,,,,168370,2019-12-31,2013-12-31,1,,,0,43.3017,,0,LNI,,,CFM56-7B26/3,,,,,,,,WW18,,Invalid,FALSE,,279,-1.502414703,0,WW,9379.1732,INDONESIA,3.57246,0,CFM56,-2.6369812,1,LNI,LION MENTARI AIRLINES,CFM56-7B,2.307811737,0,0,INC,0,9379,2015-06-25,0.338851035,-11.284077,LHQ,-5.384998937,2011-01-19,WW,CSO - ASIA,-5.385,RDO,2015-12-14,209.8610133,42.60934,46.479843,168370,2020-07-02,2015-10-23,1,3.178142548,-1.5024147,0,43.3017,44.111755,646,LNI,3.572463989,-10.718772,CFM56-7B26/3,3.1781425,0.810054779,2.3680878,2.3078117,0.8100548,0.74512,0.33885,WW18,44.17203,Invalid,FALSE,1.02612,Not Matched,46.479843,Not Matched,44.111755
19,804705,2015-12-14,3981,3.380290985,0,WW,6177.6189,INDONESIA,,0,CFM56,-2.825787,1,LNI,LION MENTARI AIRLINES,CFM56-7B,,,0,INC,0,6177,2015-10-23,,-20.250067,LHQ,0.849106,2011-01-19,,CSO - ASIA,0.84911,FDM,2016-03-18,,46.912174,,1034559,2019-12-31,2013-12-31,1,,3.380291,0,43.3017,43.531883,0,LNI,,,CFM56-7B26/3,,0.230182648,,,0.23018265,,,WW19,,Invalid,FALSE,,500,6.67842865,0,WW,9658.447,INDONESIA,-5.385,0,CFM56,-2.596325,1,LNI,LION MENTARI AIRLINES,CFM56-7B,-1.502414703,0,0,INC,0,9658,2015-10-23,-0.071684394,-18.61955,LHQ,13.3568573,2011-01-19,WW,CSO - ASIA,13.35686,FDM,2016-03-18,-49.54698353,50.21031,42.60934,1034559,2020-07-02,2015-12-14,1,-0.692359924,6.6784286,0,43.3017,43.531883,279,LNI,-5.384998937,-11.284077,CFM56-7B26/3,-0.6923599,0.230182648,-0.9225426,-1.5024147,0.23018265,1.33246,-0.07168,WW19,44.111755,Invalid,FALSE,0.61404,Not Matched,42.60934,Matched,0.0
20,804705,2016-03-18,33,-0.334728241,0,WW,10158.2893,INDONESIA,0.84911,0,CFM56,-2.2109997,1,LNI,LION MENTARI AIRLINES,CFM56-7B,3.380290985,0,0,INC,0,10158,2015-12-14,0.355421422,,LHQ,-10.14328003,2011-01-19,WW,CSO - ASIA,-10.14328,FDM,2016-03-27,,49.96912,46.912174,1180385,2019-12-31,2016-03-18,1,3.610473633,-0.33472824,0,43.3017,50.30385,3981,LNI,0.849106,-20.250067,CFM56-7B26/3,3.6104736,7.002147675,-3.391674,3.380291,7.0021477,-0.9394,0.35542,WW20,43.531883,Invalid,FALSE,-1.00337,33,-0.334728241,0,WW,10158.2893,INDONESIA,13.35686,0,CFM56,-2.3801844,1,LNI,LION MENTARI AIRLINES,CFM56-7B,6.67842865,0,0,INC,0,10158,2015-12-14,0.680095939,,LHQ,-10.14328003,2011-01-19,WW,CSO - ASIA,-10.14328,FDM,2016-03-27,,49.96912,50.21031,1180385,2020-07-02,2016-03-18,1,6.908611298,-0.33472824,0,43.3017,50.30385,500,LNI,13.3568573,-18.61955,CFM56-7B26/3,6.9086113,7.002147675,-0.09353638,6.6784286,7.0021477,-0.01354,0.6801,WW20,43.531883,Invalid,FALSE,-0.01401,Not Matched,6.568642973923083,Matched,0.0
21,804705,2016-03-27,508,0.592414856,0,WW,10191.1551,INDONESIA,-10.14328,0,CFM56,-2.1723487,1,LNI,LION MENTARI AIRLINES,CFM56-7B,-0.334728241,0,0,INC,0,10191,2016-03-18,0.654235891,-17.526066,LHQ,1.166170976,2011-01-19,WW,CSO - ASIA,1.16617,RDO,2016-07-05,267.4317798,45.874508,49.96912,197183,2019-12-31,2016-03-25,1,6.667419434,0.59241486,0,43.3017,45.282093,33,LNI,-10.14328003,,CFM56-7B26/3,6.6674194,1.980392456,4.687027,-0.33472824,1.9803925,0.70297,0.65424,WW21,50.30385,Invalid,FALSE,-14.00248,508,0.592414856,0,WW,10191.1551,INDONESIA,-10.14328,0,CFM56,-2.3646045,1,LNI,LION MENTARI AIRLINES,CFM56-7B,-0.334728241,0,0,INC,0,10191,2016-03-18,0.654235891,-17.526066,LHQ,1.166170976,2011-01-19,WW,CSO - ASIA,1.16617,RDO,2016-07-05,267.4317798,45.874508,49.96912,197183,2020-07-02,2016-03-25,1,6.667419434,0.59241486,0,43.3017,45.282093,33,LNI,-10.14328003,,CFM56-7B26/3,6.6674194,1.980392456,4.687027,-0.33472824,1.9803925,0.70297,0.65424,WW21,50.30385,Invalid,FALSE,-14.00248,Matched,0.0,Matched,0.0
22,804705,2016-07-05,506,6.72277832,0,WW,10699.2888,INDONESIA,1.16617,0,CFM56,-1.9182714,1,LNI,LION MENTARI AIRLINES,CFM56-7B,0.592414856,0,0,INC,0,10699,2016-03-27,0.240465265,-19.376139,LHQ,13.28612316,2011-01-19,WW,CSO - ASIA,13.28612,FDM,2016-10-10,151.3462826,49.66478,45.874508,1180723,2019-12-31,2016-07-05,1,2.572807312,6.7227783,0,43.3017,42.942,508,LNI,1.166170976,-17.526066,CFM56-7B26/3,2.5728073,-0.359699249,2.9325066,0.59241486,-0.35969925,1.13981,0.24047,WW22,45.282093,Invalid,FALSE,4.95009,506,6.72277832,0,WW,10699.2888,INDONESIA,1.16617,0,CFM56,-2.2019968,1,LNI,LION MENTARI AIRLINES,CFM56-7B,0.592414856,0,0,INC,0,10699,2016-03-27,0.240465265,-19.368027,LHQ,13.28612316,2011-01-19,WW,CSO - ASIA,13.28612,FDM,2016-10-10,151.4096713,49.66478,45.874508,1180723,2020-07-02,2016-07-05,1,2.572807312,6.7227783,0,43.3017,42.942,508,LNI,1.166170976,-17.526066,CFM56-7B26/3,2.5728073,-0.359699249,2.9325066,0.59241486,-0.35969925,1.13981,0.24047,WW22,45.282093,Invalid,FALSE,4.95009,Matched,0.0,Matched,0.0
23,804705,2016-10-10,1328,18.40293121,0,WW,11205.5933,INDONESIA,13.28612,0,CFM56,-1.9015985,1,LNI,LION MENTARI AIRLINES,CFM56-7B,6.72277832,0,0,INC,0,11205,2016-07-05,0.567848475,-14.016427,LHQ,13.85762893,2011-01-19,WW,CSO - ASIA,13.85763,FDM,2017-07-13,1339.691966,49.290016,49.66478,1181175,2019-12-31,2016-10-10,1,6.363079071,18.402931,0,43.3017,30.887085,506,LNI,13.28612316,-19.376139,CFM56-7B26/3,6.363079,-12.41461563,18.777695,6.7227783,-12.414616,2.95104,0.56785,WW23,42.942,Invalid,FALSE,2.79315,1328,18.40293121,0,WW,11205.5933,INDONESIA,13.28612,0,CFM56,-2.132058,1,LNI,LION MENTARI AIRLINES,CFM56-7B,6.72277832,0,0,INC,0,11205,2016-07-05,0.567848475,-11.966364,LHQ,13.85762893,2011-01-19,WW,CSO - ASIA,13.85763,FDM,2017-07-13,1569.20639,49.290016,49.66478,1181175,2020-07-02,2016-10-10,1,6.363079071,18.402931,0,43.3017,30.887085,506,LNI,13.28612316,-19.368027,CFM56-7B26/3,6.363079,-12.41461563,18.777695,6.7227783,-12.414616,2.95104,0.56785,WW23,42.942,Invalid,FALSE,2.79315,Matched,0.0,Matched,0.0
24,804705,2017-07-13,130,-4.27129364,0,WW,12533.3357,INDONESIA,13.85763,0,CFM56,-1.8700203,1,LNI,LION MENTARI AIRLINES,CFM56-7B,18.40293121,0,0,INC,0,12533,2016-10-10,0.477791047,13.452757,LHQ,-32.85610492,2011-01-19,WW,CSO - ASIA,-32.8561,FDM,2017-08-02,-652.7273962,36.23774,49.290016,1158425,2019-12-31,2017-07-13,1,5.988315582,-4.2712936,0,43.3017,40.509033,1328,LNI,13.85762893,-14.016427,CFM56-7B26/3,5.9883156,-2.792667389,8.780983,18.402931,-2.7926674,1.46635,0.47779,WW24,30.887085,Invalid,FALSE,0.47715,130,-4.27129364,0,WW,12533.3357,INDONESIA,13.85763,0,CFM56,-1.9669822,1,LNI,LION MENTARI AIRLINES,CFM56-7B,18.40293121,0,0,INC,0,12533,2016-10-10,0.477791047,13.452757,LHQ,-32.85610492,2011-01-19,WW,CSO - ASIA,-32.8561,FDM,2017-08-02,-652.7273962,36.23774,49.290016,1158425,2020-07-02,2017-07-13,1,5.988315582,-4.2712936,0,43.3017,40.509033,1328,LNI,13.85762893,-11.966364,CFM56-7B26/3,5.9883156,-2.792667389,8.780983,18.402931,-2.7926674,1.46635,0.47779,WW24,30.887085,Invalid,FALSE,0.47715,Matched,0.0,Matched,0.0
25,804705,2017-08-02,414,5.249679565,0,WW,12663.1502,INDONESIA,-32.8561,0,CFM56,-1.8508203,1,LNI,LION MENTARI AIRLINES,CFM56-7B,-4.27129364,0,0,INC,0,12663,2017-07-13,-0.557835998,-29.344576,LHQ,12.68038542,2011-01-19,WW,CSO - ASIA,12.68039,RDO,2017-10-02,74.88146416,39.290054,36.23774,224943,2019-12-31,2017-08-02,1,-7.063961029,5.2496796,0,43.3017,34.040375,130,LNI,-32.85610492,13.452757,CFM56-7B26/3,-7.063961,-9.261325836,2.1973648,-4.2712936,-9.261326,-0.31107,-0.55784,WW25,40.509033,Invalid,FALSE,-0.51445,414,5.249679565,0,WW,12663.1502,INDONESIA,-32.8561,0,CFM56,-1.9453467,1,LNI,LION MENTARI AIRLINES,CFM56-7B,-4.27129364,0,0,INC,0,12663,2017-07-13,-0.557835998,-29.344576,LHQ,12.68038542,2011-01-19,WW,CSO - ASIA,12.68039,RDO,2017-10-02,74.88146416,39.290054,36.23774,224943,2020-07-02,2017-08-02,1,-7.063961029,5.2496796,0,43.3017,34.040375,130,LNI,-32.85610492,13.452757,CFM56-7B26/3,-7.063961,-9.261325836,2.1973648,-4.2712936,-9.261326,-0.31107,-0.55784,WW25,40.509033,Invalid,FALSE,-0.51445,Matched,0.0,Matched,0.0
26,804705,2017-10-02,275,6.165496826,0,WW,13077.9963,INDONESIA,12.68039,0,CFM56,-2.0140977,1,LNI,LION MENTARI AIRLINES,CFM56-7B,5.249679565,0,0,INC,0,13077,2017-08-02,-0.306747775,-30.48828,LHQ,22.41998846,2011-01-19,WW,CSO - ASIA,22.41999,FDM,2017-11-14,118.6948295,41.83675,39.290054,1181493,2019-12-31,2017-10-02,1,-4.011646271,6.165497,0,43.3017,35.671253,414,LNI,12.68038542,-29.344576,CFM56-7B26/3,-4.0116463,-7.630447388,3.618801,5.2496796,-7.6304474,-0.90207,-0.30675,WW26,34.040375,Invalid,FALSE,0.68934,275,6.165496826,0,WW,13077.9963,INDONESIA,12.68039,0,CFM56,-2.049782,1,LNI,LION MENTARI AIRLINES,CFM56-7B,5.249679565,0,0,INC,0,13077,2017-08-02,-0.306747775,-30.48828,LHQ,22.41998846,2011-01-19,WW,CSO - ASIA,22.41999,FDM,2017-11-14,118.6948295,41.83675,39.290054,1181493,2020-07-02,2017-10-02,1,-4.011646271,6.165497,0,43.3017,35.671253,414,LNI,12.68038542,-29.344576,CFM56-7B26/3,-4.0116463,-7.630447388,3.618801,5.2496796,-7.6304474,-0.90207,-0.30675,WW26,34.040375,Invalid,FALSE,0.68934,Matched,0.0,Matched,0.0
27,804705,2017-11-14,109,1.056488037,0,WW,13352.3385,INDONESIA,22.41999,0,CFM56,-1.9854084,1,LNI,LION MENTARI AIRLINES,CFM56-7B,6.165496826,0,0,INC,0,13352,2017-10-02,-0.109714906,-5.9294186,LHQ,9.692550799,2011-01-19,WW,CSO - ASIA,9.69255,RDO,2017-12-06,658.9902027,38.98581,41.83675,225906,2019-12-31,2017-11-14,1,-1.464950562,1.056488,0,43.3017,37.92932,275,LNI,22.41998846,-30.48828,CFM56-7B26/3,-1.4649506,-5.372379303,3.9074287,6.165497,-5.3723793,-2.66728,-0.10971,WW27,35.671253,Invalid,FALSE,0.63376,109,1.933204651,0,WW,13352.3385,INDONESIA,22.41999,0,CFM56,-2.018395,1,LNI,LION MENTARI AIRLINES,CFM56-7B,6.165496826,0,0,INC,0,13352,2017-10-02,-0.109714906,-7.4939594,LHQ,17.73582249,2011-01-19,WW,CSO - ASIA,17.73582,RDO,2017-12-06,638.4002211,38.98581,41.83675,225906,2020-07-02,2017-11-14,1,-1.464950562,1.9332047,0,43.3017,37.052605,275,LNI,22.41998846,-30.48828,CFM56-7B26/3,-1.4649506,-6.249095917,4.7841454,6.165497,-6.249096,-3.26574,-0.10971,WW27,35.671253,Invalid,FALSE,0.77595,Matched,0.0,Not Matched,2.3661359302537495
28,804705,2017-12-06,115,-3.474058151,0,WW,13461.8195,INDONESIA,9.69255,0,CFM56,-1.9836496,1,LNI,LION MENTARI AIRLINES,CFM56-7B,1.056488037,0,0,INC,0,13461,2017-11-14,-0.320602372,,LHQ,-30.20920132,2011-01-19,WW,CSO - ASIA,-30.2092,RDO,2017-12-22,,29.475065,38.98581,227576,2019-12-31,2017-12-03,1,-4.315891266,-3.4740582,0,43.3017,32.949123,109,LNI,9.692550799,-5.9294186,CFM56-7B26/3,-4.3158913,-10.35257721,6.036686,1.056488,-10.352577,-1.39871,-0.3206,WW28,37.92932,Invalid,FALSE,5.71392,115,-3.699611664,0,WW,13461.8195,INDONESIA,17.73582,0,CFM56,-2.0138047,1,LNI,LION MENTARI AIRLINES,CFM56-7B,1.933204651,0,0,INC,0,13461,2017-11-14,-0.320602372,,LHQ,-32.17053621,2011-01-19,WW,CSO - ASIA,-32.17054,RDO,2017-12-22,,30.216885,38.98581,227576,2020-07-02,2017-12-03,1,-4.315891266,-3.6996117,0,43.3017,33.916496,109,LNI,17.73582249,-7.4939594,CFM56-7B26/3,-4.3158913,-9.385204315,5.069313,1.9332047,-9.385204,-1.17457,-0.3206,WW28,37.052605,Invalid,FALSE,2.62223,Matched,0.0,Not Matched,2.852219757607042
29,804705,2017-12-22,50,-1.122432709,0,WW,13576.7495,INDONESIA,-30.2092,0,CFM56,-1.9928921,1,LNI,LION MENTARI AIRLINES,CFM56-7B,-3.474058151,0,0,INC,0,13576,2017-12-06,-1.018405426,,LHQ,-22.44865417,2011-01-19,WW,CSO - ASIA,-22.44865,FDM,2018-01-27,,42.744495,29.475065,1181775,2019-12-31,2017-12-22,1,-13.82663536,-1.1224327,0,43.3017,43.86693,115,LNI,-30.20920132,,CFM56-7B26/3,-13.826635,0.565227509,-14.391863,-3.4740582,0.5652275,1.04088,-1.01841,WW29,32.949123,Invalid,FALSE,4.14267,224,-0.484195709,0,WW,13576.7495,INDONESIA,-32.17054,0,CFM56,-2.0223927,1,LNI,LION MENTARI AIRLINES,CFM56-7B,-3.699611664,0,0,INC,0,13576,2017-12-06,-0.963766473,-7.734004,LHQ,-2.161587988,2011-01-19,WW,CSO - ASIA,-2.16159,FDM,2018-01-27,-1646.809971,42.469124,30.216885,1181775,2020-07-02,2017-12-22,1,-13.08481598,-0.4841957,0,43.3017,42.95332,115,LNI,-32.17053621,,CFM56-7B26/3,-13.084816,-0.348381042,-12.736435,-3.6996117,-0.34838104,0.97338,-0.96377,WW29,33.916496,Invalid,FALSE,3.44264,Not Matched,2.4549850191374807,Not Matched,2.1269834322469268
30,804705,2018-01-27,0,,0,WW,13626.3133,INDONESIA,-22.44865,0,CFM56,-1.982047,1,LNI,LION MENTARI AIRLINES,CFM56-7B,-1.122432709,0,0,INC,0,13626,2017-12-22,-0.040891853,,LHQ,,2011-01-19,WW,CSO - ASIA,,FDM,2018-03-11,,,42.744495,1220909,2019-12-31,2017-12-31,1,-0.5572052,,0,43.3017,,50,LNI,-22.44865417,,CFM56-7B26/3,-0.5572052,,,-1.1224327,,,-0.04089,WW30,43.86693,Invalid,FALSE,,269,12.61254883,0,WW,13800.5823,INDONESIA,-2.16159,0,CFM56,-1.9740605,1,LNI,LION MENTARI AIRLINES,CFM56-7B,-0.484195709,0,0,INC,0,13800,2017-12-22,-0.060329103,-44.25696,LHQ,46.88679862,2011-01-19,WW,CSO - ASIA,46.8868,FDM,2018-03-11,252.4012651,43.91116,42.469124,1220909,2020-07-02,2018-01-27,1,-0.832576752,12.612549,0,43.3017,31.29861,224,LNI,-2.161587988,-7.734004,CFM56-7B26/3,-0.83257675,-12.0030899,11.170513,-0.4841957,-12.00309,-13.4168,-0.06033,WW30,42.95332,Invalid,FALSE,-23.07024,Not Matched,0.6484028255445057,Not Matched,31.29861
31,804705,2018-03-11,0,,0,WW,13626.3133,INDONESIA,,0,CFM56,-1.982047,1,LNI,LION MENTARI AIRLINES,CFM56-7B,,,0,INC,0,13626,2018-01-27,,,LHQ,,2011-01-19,,CSO - ASIA,,FDM,2018-04-09,,,,1221067,2019-12-31,2017-12-31,1,,,0,43.3017,,0,LNI,,,CFM56-7B26/3,,,,,,,,WW31,,Invalid,FALSE,,157,6.989925385,0,WW,14069.1459,INDONESIA,46.8868,0,CFM56,-1.9421715,1,LNI,LION MENTARI AIRLINES,CFM56-7B,12.61254883,0,0,INC,0,14069,2018-01-27,0.043318829,-68.74736,LHQ,44.52181774,2011-01-19,WW,CSO - ASIA,44.52182,FDM,2018-04-09,149.2495051,40.640575,43.91116,1221067,2020-07-02,2018-03-11,1,0.609458923,6.9899254,0,43.3017,33.65065,269,LNI,46.88679862,-44.25696,CFM56-7B26/3,0.6094589,-9.651050568,10.2605095,12.612549,-9.651051,16.83544,0.04332,WW31,31.29861,Invalid,FALSE,0.81352,Not Matched,43.91116,Not Matched,33.65065
32,804705,2018-04-09,0,,0,WW,13626.3133,INDONESIA,,0,CFM56,-1.982047,1,LNI,LION MENTARI AIRLINES,CFM56-7B,,,0,INC,0,13626,2018-03-11,,,LHQ,,2011-01-19,,CSO - ASIA,,RDO,2018-05-13,,,,238848,2019-12-31,2017-12-31,1,,,0,43.3017,,0,LNI,,,CFM56-7B26/3,,,,,,,,WW32,,Invalid,FALSE,,213,-0.557689667,0,WW,14226.0771,INDONESIA,44.52182,0,CFM56,-1.9315798,1,LNI,LION MENTARI AIRLINES,CFM56-7B,6.989925385,0,0,INC,0,14226,2018-03-11,-0.187059663,-39.509686,LHQ,-2.618261346,2011-01-19,WW,CSO - ASIA,-2.61826,RDO,2018-05-13,168.5430859,33.4238,40.640575,238848,2020-07-02,2018-04-09,1,-2.661125183,-0.55768967,0,43.3017,33.98149,157,LNI,44.52181774,-68.74736,CFM56-7B26/3,-2.6611252,-9.320209503,6.6590843,6.9899254,-9.3202095,-2.50236,-0.18706,WW32,33.65065,Invalid,FALSE,0.95267,Not Matched,40.640575,Not Matched,33.98149
33,804705,2018-05-13,0,,0,WW,13626.3133,INDONESIA,,0,CFM56,-1.982047,1,LNI,LION MENTARI AIRLINES,CFM56-7B,,,0,INC,0,13626,2018-04-09,,,LHQ,,2011-01-19,,CSO - ASIA,,FDM,2018-06-30,,,,1221213,2019-12-31,2017-12-31,1,,,0,43.3017,,0,LNI,,,CFM56-7B26/3,,,,,,,,WW33,,Invalid,FALSE,,359,5.68120575,0,WW,14439.6383,INDONESIA,-2.61826,0,CFM56,-1.9290662,1,LNI,LION MENTARI AIRLINES,CFM56-7B,-0.557689667,0,0,INC,0,14439,2018-04-09,-0.684082175,-40.0864,LHQ,15.82508565,2011-01-19,WW,CSO - ASIA,15.82509,FDM,2018-06-30,14.7649373,38.513134,33.4238,1221213,2020-07-02,2018-05-13,1,-9.87789917,5.6812057,0,43.3017,32.83193,213,LNI,-2.618261346,-39.509686,CFM56-7B26/3,-9.877899,-10.46977234,0.59187317,-0.55768967,-10.469772,-0.05992,-0.68408,WW33,33.98149,Invalid,FALSE,-1.06129,Not Matched,33.4238,Not Matched,32.83193
34,804705,2018-06-30,0,,0,WW,13626.3133,INDONESIA,,0,CFM56,-1.982047,1,LNI,LION MENTARI AIRLINES,CFM56-7B,,,0,INC,0,13626,2018-05-13,,,LHQ,,2011-01-19,,CSO - ASIA,,FDM,2018-07-20,,,,1251263,2019-12-31,2017-12-31,1,,,0,43.3017,,0,LNI,,,CFM56-7B26/3,,,,,,,,WW34,,Invalid,FALSE,,131,12.16755295,0,WW,14798.6353,INDONESIA,15.82509,0,CFM56,-1.9141467,1,LNI,LION MENTARI AIRLINES,CFM56-7B,5.68120575,0,0,INC,0,14798,2018-05-13,-0.323581634,-77.93032,LHQ,92.88208357,2011-01-19,WW,CSO - ASIA,92.88208,FDM,2018-07-20,187.3698845,36.07889,38.513134,1251263,2020-07-02,2018-06-30,1,-4.788566589,12.167553,0,43.3017,23.911339,359,LNI,15.82508565,-40.0864,CFM56-7B26/3,-4.7885666,-19.39036179,14.601795,5.6812057,-19.390362,-3.0493,-0.32358,WW34,32.83193,Invalid,FALSE,2.57019,Not Matched,38.513134,Not Matched,23.911339
35,804705,2018-07-20,0,,0,WW,13626.3133,INDONESIA,,0,CFM56,-1.982047,1,LNI,LION MENTARI AIRLINES,CFM56-7B,,,0,INC,0,13626,2018-06-30,,,LHQ,,2011-01-19,,CSO - ASIA,,RDO,2018-08-10,,,,248750,2019-12-31,2017-12-31,1,,,0,43.3017,,0,LNI,,,CFM56-7B26/3,,,,,,,,WW35,,Invalid,FALSE,,140,16.84640884,0,WW,14929.7974,INDONESIA,92.88208,0,CFM56,-1.9097134,1,LNI,LION MENTARI AIRLINES,CFM56-7B,12.16755295,0,0,INC,0,14929,2018-06-30,-0.483784786,-133.6771,LHQ,120.3314917,2011-01-19,WW,CSO - ASIA,120.33149,RDO,2018-08-10,113.0136912,37.81796,36.07889,248750,2020-07-02,2018-07-20,1,-7.222808838,16.846409,0,43.3017,20.97155,131,LNI,92.88208357,-77.93032,CFM56-7B26/3,-7.222809,-22.3301506,15.107342,12.167553,-22.33015,-2.09162,-0.48378,WW35,23.911339,Invalid,FALSE,1.24161,Not Matched,36.07889,Not Matched,20.97155
36,804705,2018-08-10,0,,0,WW,13626.3133,INDONESIA,,0,CFM56,-1.982047,1,LNI,LION MENTARI AIRLINES,CFM56-7B,,,0,INC,0,13626,2018-07-20,,,LHQ,,2011-01-19,,CSO - ASIA,,FDM,2018-09-10,,,,1251265,2019-12-31,2017-12-31,1,,,0,43.3017,,0,LNI,,,CFM56-7B26/3,,,,,,,,WW36,,Invalid,FALSE,,223,-30.57445908,0,WW,15069.6557,INDONESIA,120.33149,0,CFM56,-1.9208432,1,LNI,LION MENTARI AIRLINES,CFM56-7B,16.84640884,0,0,INC,0,15069,2018-07-20,-0.363892969,100.20818,LHQ,-137.1051976,2011-01-19,WW,CSO - ASIA,-137.1052,FDM,2018-09-10,-64.57191666,0.772865,37.81796,1251265,2020-07-02,2018-08-10,1,-5.48374176,-30.57446,0,43.3017,31.347324,140,LNI,120.3314917,-133.6771,CFM56-7B26/3,-5.4837418,-11.95437622,6.4706345,16.846409,-11.954376,-1.17997,-0.36389,WW36,20.97155,Invalid,FALSE,0.3841,Not Matched,37.81796,Not Matched,31.347324
37,804705,2018-09-10,0,,0,WW,13626.3133,INDONESIA,,0,CFM56,-1.982047,1,LNI,LION MENTARI AIRLINES,CFM56-7B,,,0,INC,0,13626,2018-08-10,,,LHQ,,2011-01-19,,CSO - ASIA,,FDM,2018-11-04,,,,1251267,2019-12-31,2017-12-31,1,,,0,43.3017,,0,LNI,,,CFM56-7B26/3,,,,,,,,WW37,,Invalid,FALSE,,349,17.67926216,0,WW,15292.5156,INDONESIA,-137.1052,0,CFM56,-1.9863245,1,LNI,LION MENTARI AIRLINES,CFM56-7B,-30.57445908,0,0,INC,0,15292,2018-08-10,-2.781022849,-64.26042,LHQ,50.65691164,2011-01-19,WW,CSO - ASIA,50.65691,FDM,2018-11-04,-312.6991483,38.546307,0.772865,1251267,2020-07-02,2018-09-10,1,-42.5288353,17.679262,0,43.3017,20.867044,223,LNI,-137.1051976,100.20818,CFM56-7B26/3,-42.528835,-22.43465614,-20.09418,-30.57446,-22.434656,0.47248,-2.78102,WW37,31.347324,Invalid,FALSE,0.65722,Not Matched,0.772865,Not Matched,20.867044
38,804705,2018-11-04,0,,0,WW,13626.3133,INDONESIA,,0,CFM56,-1.982047,1,LNI,LION MENTARI AIRLINES,CFM56-7B,,,0,INC,0,13626,2018-09-10,,,LHQ,,2011-01-19,,CSO - ASIA,,FDM,2018-12-31,,,,1260409,2019-12-31,2017-12-31,1,,,0,43.3017,,0,LNI,,,CFM56-7B26/3,,,,,,,,WW38,,Invalid,FALSE,,286,-4.665727615,0,WW,15641.3949,INDONESIA,50.65691,0,CFM56,-2.0017257,1,LNI,LION MENTARI AIRLINES,CFM56-7B,17.67926216,0,0,INC,0,15641,2018-09-10,-0.304026208,-14.930001,LHQ,-16.31373292,2011-01-19,WW,CSO - ASIA,-16.31373,FDM,2018-12-31,208.4978443,30.767706,38.546307,1260409,2020-07-02,2018-11-04,1,-4.755393982,-4.6657276,0,43.3017,35.433434,349,LNI,50.65691164,-64.26042,CFM56-7B26/3,-4.755394,-7.868267059,3.112873,17.679262,-7.868267,-0.6546,-0.30403,WW38,20.867044,Invalid,FALSE,0.17607,Not Matched,38.546307,Not Matched,35.433434
39,804705,2018-12-31,2500,0.045692444,0,WW,13626.3133,INDONESIA,,0,CFM56,-1.982047,1,LNI,LION MENTARI AIRLINES,CFM56-7B,,,0,INC,0,13626,2018-11-04,,79.35121,LHQ,0.018276978,2011-01-19,,CSO - ASIA,0.01828,FDM,2019-02-11,,33.028076,,1298613,2019-12-31,2017-12-31,1,,0.045692444,0,43.3017,32.982384,0,LNI,,,CFM56-7B26/3,,-10.31931686,,,-10.319317,,,WW39,,Invalid,FALSE,,199,4.990776062,0,WW,15927.7598,INDONESIA,-16.31373,0,CFM56,-1.972711,1,LNI,LION MENTARI AIRLINES,CFM56-7B,-4.665727615,0,0,INC,0,15927,2018-11-04,-0.786927655,68.376564,LHQ,25.07927669,2011-01-19,WW,CSO - ASIA,25.07928,FDM,2019-02-11,32.38942819,37.97316,30.767706,1298613,2020-07-02,2018-12-31,1,-12.53399467,4.990776,0,43.3017,32.982384,286,LNI,-16.31373292,-14.930001,CFM56-7B26/3,-12.533995,-10.31931686,-2.2146778,-4.6657276,-10.319317,0.17669,-0.78693,WW39,35.433434,Invalid,FALSE,0.47467,Not Matched,30.767706,Matched,0.0
40,804705,2019-02-11,200,11.48554993,0,WW,16126.1939,INDONESIA,0.01828,0,CFM56,-2.0108259,1,LNI,LION MENTARI AIRLINES,CFM56-7B,0.045692444,0,0,INC,0,16126,2018-12-31,-0.637076826,-62.122353,LHQ,57.42774963,2011-01-19,WW,CSO - ASIA,57.42775,FDM,2019-03-28,123.8137398,36.822025,33.028076,1298851,2019-12-31,2019-02-11,1,-10.27362442,11.48555,0,43.3017,25.336475,2500,LNI,0.018276978,79.35121,CFM56-7B26/3,-10.273624,-17.96522522,7.691601,0.045692444,-17.965225,-0.74867,-0.63708,WW40,32.982384,Invalid,FALSE,168.3342,200,8.079879761,0,WW,16126.1939,INDONESIA,25.07928,0,CFM56,-1.9845665,1,LNI,LION MENTARI AIRLINES,CFM56-7B,4.990776062,0,0,INC,0,16126,2018-12-31,-0.330427678,-56.474472,LHQ,40.3993988,2011-01-19,WW,CSO - ASIA,40.3994,FDM,2019-03-28,163.4546356,36.822025,37.97316,1298851,2020-07-02,2019-02-11,1,-5.328540802,8.07988,0,43.3017,28.742146,199,LNI,25.07927669,68.376564,CFM56-7B26/3,-5.328541,-14.55955505,9.231014,4.990776,-14.559555,-1.73237,-0.33043,WW40,32.982384,Invalid,FALSE,1.84961,Not Matched,13.022576999122542,Not Matched,11.849049128064417
41,804705,2019-03-28,92,0,0,WW,16326.0264,INDONESIA,57.42775,0,CFM56,-1.9861293,1,LNI,LION MENTARI AIRLINES,CFM56-7B,11.48554993,0,0,INC,0,16326,2019-02-11,-0.396892369,,LHQ,0,2011-01-19,WW,CSO - ASIA,0,FDM,2019-05-10,,33.01059,36.822025,1299121,2019-12-31,2019-03-28,1,-6.479675293,0,0,43.3017,33.01059,200,LNI,57.42774963,-62.122353,CFM56-7B26/3,-6.4796753,-10.29111099,3.8114357,11.48555,-10.291111,-0.58821,-0.39689,WW41,25.336475,Invalid,FALSE,0.33185,136,-1.853593826,0,WW,16326.4836,INDONESIA,40.3994,0,CFM56,-1.9702975,1,LNI,LION MENTARI AIRLINES,CFM56-7B,8.079879761,0,0,INC,0,16326,2019-02-11,-0.396881255,17.600721,LHQ,-13.62936637,2011-01-19,WW,CSO - ASIA,-13.62937,FDM,2019-05-10,-530.0385886,25.63937,36.822025,1299121,2020-07-02,2019-03-28,1,-6.479675293,-1.8535938,0,43.3017,27.492964,200,LNI,40.3993988,-56.474472,CFM56-7B26/3,-6.4796753,-15.8087368,9.3290615,8.07988,-15.808737,-1.43974,-0.39688,WW41,28.742146,Invalid,FALSE,1.1546,Matched,0.0,Not Matched,20.06922934900726
42,804705,2019-05-10,0,,0,WW,16418.6185,INDONESIA,0,0,CFM56,-1.9864393,1,LNI,LION MENTARI AIRLINES,CFM56-7B,0,0,0,INC,0,16418,2019-03-28,-0.626795183,,LHQ,,2011-01-19,WW,CSO - ASIA,,FDM,2019-07-19,,,33.01059,1308971,2019-12-31,2019-04-23,1,-10.29111099,,0,43.3017,,92,LNI,0,,CFM56-7B26/3,-10.291111,,,0,,,-0.6268,WW42,33.01059,Invalid,FALSE,,268,3.195705414,0,WW,16462.8497,INDONESIA,-13.62937,0,CFM56,-1.9733338,1,LNI,LION MENTARI AIRLINES,CFM56-7B,-1.853593826,0,0,INC,0,16462,2019-03-28,-1.07285986,-24.004519,LHQ,11.92427393,2011-01-19,WW,CSO - ASIA,11.92427,FDM,2019-07-19,-34.12001687,29.65411,25.63937,1308971,2020-07-02,2019-05-08,1,-17.66233063,3.1957054,0,43.3017,26.458405,136,LNI,-13.62936637,17.600721,CFM56-7B26/3,-17.66233,-16.84329605,-0.8190346,-1.8535938,-16.843296,0.04637,-1.07286,WW42,27.492964,Invalid,FALSE,0.44186,Not Matched,28.749614362599395,Not Matched,26.458405
43,804705,2019-07-19,510,0.641698837,0,WW,16418.6185,INDONESIA,,0,CFM56,-1.9864393,1,LNI,LION MENTARI AIRLINES,CFM56-7B,,,0,INC,0,16418,2019-05-10,,,LHQ,1.258233014,2011-01-19,,CSO - ASIA,1.25823,FDM,2019-09-01,,27.19023,,1322183,2019-12-31,2019-04-23,1,,0.64169884,0,43.3017,26.54853,0,LNI,,,CFM56-7B26/3,,-16.75317001,,,-16.75317,,,WW43,,Invalid,FALSE,,198,6.743221283,0,WW,16730.8052,INDONESIA,11.92427,0,CFM56,-1.9740087,1,LNI,LION MENTARI AIRLINES,CFM56-7B,3.195705414,0,0,INC,0,16730,2019-05-10,-0.815716307,-50.26165,LHQ,34.05667315,2011-01-19,WW,CSO - ASIA,34.05667,FDM,2019-09-01,67.12493141,33.02352,29.65411,1322183,2020-07-02,2019-07-19,1,-13.64759064,6.7432213,0,43.3017,26.2803,268,LNI,11.92427393,-24.004519,CFM56-7B26/3,-13.647591,-17.02140045,3.3738098,3.1957054,-17.0214,-0.24721,-0.81572,WW43,26.458405,Invalid,FALSE,1.05573,Not Matched,29.65411,Not Matched,1.020650449195782
44,804705,2019-09-01,132,3.923820496,0,WW,16928.8886,INDONESIA,1.25823,0,CFM56,-1.9960313,1,LNI,LION MENTARI AIRLINES,CFM56-7B,0.641698837,0,0,INC,0,16928,2019-07-19,-0.951714643,-93.55162,LHQ,29.72591285,2011-01-19,WW,CSO - ASIA,29.72591,FDM,2019-09-27,3.983628932,30.741375,27.19023,1328621,2019-12-31,2019-09-01,1,-16.11147118,3.9238205,0,43.3017,26.817554,510,LNI,1.258233014,,CFM56-7B26/3,-16.111471,-16.48414612,0.37267494,0.64169884,-16.484146,-0.02313,-0.95171,WW44,26.54853,Invalid,FALSE,0.58076,132,5.163249969,0,WW,16928.8886,INDONESIA,34.05667,0,CFM56,-1.9769087,1,LNI,LION MENTARI AIRLINES,CFM56-7B,6.743221283,0,0,INC,0,16928,2019-07-19,-0.607138449,-97.2764,LHQ,39.11553007,2011-01-19,WW,CSO - ASIA,39.11553,FDM,2019-09-27,63.79725294,31.980804,33.02352,1328621,2020-07-02,2019-09-01,1,-10.27817917,5.16325,0,43.3017,26.817554,198,LNI,34.05667315,-50.26165,CFM56-7B26/3,-10.278179,-16.48414612,6.205967,6.7432213,-16.484146,-0.6038,-0.60714,WW44,26.2803,Invalid,FALSE,0.92033,Not Matched,17.664046715795283,Matched,0.0
45,804705,2019-09-27,207,2.075614929,0,WW,17060.446,INDONESIA,29.72591,0,CFM56,-1.9977409,1,LNI,LION MENTARI AIRLINES,CFM56-7B,3.923820496,0,0,INC,0,17060,2019-09-01,-0.736224928,-19.462404,LHQ,10.02712526,2011-01-19,WW,CSO - ASIA,10.02713,FDM,2019-11-04,165.9378444,29.58744,30.741375,1339527,2019-12-31,2019-09-27,1,-12.56032562,2.075615,0,43.3017,27.511826,132,LNI,29.72591285,-93.55162,CFM56-7B26/3,-12.560326,-15.78987503,3.2295494,3.9238205,-15.789875,-0.25712,-0.73622,WW45,26.817554,Invalid,FALSE,0.82306,207,2.075614929,0,WW,17060.446,INDONESIA,39.11553,0,CFM56,-1.9768822,1,LNI,LION MENTARI AIRLINES,CFM56-7B,5.163249969,0,0,INC,0,17060,2019-09-01,-0.663575627,-19.462404,LHQ,10.02712526,2011-01-19,WW,CSO - ASIA,10.02713,FDM,2019-11-04,229.6211107,29.58744,31.980804,1339527,2020-07-02,2019-09-27,1,-11.32089615,2.075615,0,43.3017,27.511826,132,LNI,39.11553007,-97.2764,CFM56-7B26/3,-11.320896,-15.78987503,4.468979,5.16325,-15.789875,-0.39475,-0.66358,WW45,26.817554,Invalid,FALSE,0.86554,Not Matched,3.8755404648363365,Matched,0.0
46,804705,2019-11-04,164,-2.418983459,0,WW,17267.5801,INDONESIA,10.02713,0,CFM56,-1.950268,1,LNI,LION MENTARI AIRLINES,CFM56-7B,2.075614929,0,0,INC,0,17267,2019-09-27,-0.794220153,-19.067936,LHQ,-14.74989914,2011-01-19,WW,CSO - ASIA,-14.7499,FDM,2019-12-07,-157.4946309,30.171555,29.58744,1345747,2019-12-31,2019-11-04,1,-13.7142601,-2.4189835,0,43.3017,32.590538,207,LNI,10.02712526,-19.462404,CFM56-7B26/3,-13.71426,-10.71116257,-3.0030975,2.075615,-10.711163,0.21898,-0.79422,WW46,27.511826,Invalid,FALSE,-1.44685,164,-2.418983459,0,WW,17267.5801,INDONESIA,10.02713,0,CFM56,-1.9497441,1,LNI,LION MENTARI AIRLINES,CFM56-7B,2.075614929,0,0,INC,0,17267,2019-09-27,-0.794220153,-19.067936,LHQ,-14.74989914,2011-01-19,WW,CSO - ASIA,-14.7499,FDM,2019-12-07,-157.4946309,30.171555,29.58744,1345747,2020-07-02,2019-11-04,1,-13.7142601,-2.4189835,0,43.3017,32.590538,207,LNI,10.02712526,-19.462404,CFM56-7B26/3,-13.71426,-10.71116257,-3.0030975,2.075615,-10.711163,0.21898,-0.79422,WW46,27.511826,Invalid,FALSE,-1.44685,Matched,0.0,Matched,0.0
47,804705,2019-12-07,142,,0,WW,17431.8633,INDONESIA,-14.7499,0,CFM56,-1.9337504,1,LNI,LION MENTARI AIRLINES,CFM56-7B,-2.418983459,0,,INC,0,17431,2019-11-04,-0.753226766,-37.444363,LHQ,,2011-01-19,WW,CSO - ASIA,16.84667,FDM,2020-02-08,-70.87979959,35.21783,30.171555,1353501,2019-12-31,2019-12-07,1,-13.13014603,2.3922272,0,43.3017,32.825603,164,LNI,-14.74989914,-19.067936,CFM56-7B26/3,-13.130146,-10.47609711,-2.654049,-2.4189835,-10.476097,0.20213,-0.75323,WW47,32.590538,Invalid,FALSE,1.09718,355,,0,WW,17431.8633,INDONESIA,-14.7499,0,CFM56,-1.9376043,1,LNI,LION MENTARI AIRLINES,CFM56-7B,-2.418983459,0,,INC,0,17431,2019-11-04,-0.753226766,-17.264603,LHQ,,2011-01-19,WW,CSO - ASIA,5.17634,FDM,2020-02-08,-185.852837,35.21783,30.171555,1353501,2020-07-02,2019-12-07,1,-13.13014603,1.8376007,0,43.3017,33.38023,164,LNI,-14.74989914,-19.067936,CFM56-7B26/3,-13.130146,-9.921470642,-3.2086754,-2.4189835,-9.921471,0.24437,-0.75323,WW47,32.590538,Invalid,FALSE,1.32646,Matched,0.0,Not Matched,1.6615433746262276
48,804705,2020-02-08,,,0,WW,17573.2439,INDONESIA,16.84667,0,CFM56,-1.9049969,1,LNI,LION MENTARI AIRLINES,CFM56-7B,2.392227173,0,,INC,,17573,2019-12-07,-0.460010114,,LHQ,,2011-01-19,WW,CSO - ASIA,,FDM,,,,35.21783,1366979,,2019-12-31,1,-8.083869934,,0,43.3017,,142,LNI,16.84667023,-37.444363,CFM56-7B26/3,-8.08387,,,2.3922272,,,-0.46001,WW48,32.825603,Invalid,FALSE,,,,0,WW,17786.8654,INDONESIA,5.17634,0,CFM56,-1.9115808,1,LNI,LION MENTARI AIRLINES,CFM56-7B,1.837600708,0,,INC,,17786,2019-12-07,-0.454485361,,LHQ,,2011-01-19,WW,CSO - ASIA,,FDM,,,,35.21783,1366979,2020-07-02,2020-02-08,1,-8.083869934,,0,43.3017,,355,LNI,5.176340023,-17.264603,CFM56-7B26/3,-8.08387,,,1.8376007,,,-0.45449,WW48,33.38023,Invalid,FALSE,,Matched,0.0,Not Matched,
